{
    "loss": 1.3828551769256592,
    "accuracy": 0.8587499856948853
}