{
    "loss": 3.9194064140319824,
    "accuracy": 0.7170833349227905
}